PROPERTY_TYPE,CTR_ADDRESS,CITY,STATE,ZIP,COUNTRY,region
Skilled Nursing/Transitional Care,6006 SE Adams Blvd,Bartlesville,OK,74006,US,South
Senior Housing - Leased,246 Berger Street,Green Bay,WI,54302,US,Midwest
Skilled Nursing/Transitional Care,3901 East 4th St,Long Beach,CA,90814,US,West
Skilled Nursing/Transitional Care,4109 Allenbrook Drive,Baytown,TX,77521,US,South
Senior Housing - Managed,139 Old Swede Road,Douglassville,PA,19518,US,Northeast
Skilled Nursing/Transitional Care,1215 South 9th Street,Minneapolis,MN,55404,US,Midwest
Senior Housing - Leased,1510 St. Andrews Drive,Lawrence,KS,66047,US,Midwest
Senior Housing - Leased,1000 Schippel Drive,Salina,KS,67401,US,Midwest
Senior Housing - Leased,4200 SW Drury Lane,Topeka,KS,66604,US,Midwest
Senior Housing - Managed,W232N3471 Hunters Ridge Rd,Pewaukee,WI,53072,US,Midwest
Skilled Nursing/Transitional Care,401 W Arbrook Blvd,Arlington,TX,76014,US,South
Senior Housing - Managed,11117 20th St. NE,Lake Stevens,WA,98258,US,West
Senior Housing - Managed,1261 Billage Parkway,Gaylord,MI,49735,US,Midwest
Skilled Nursing/Transitional Care,188 Eastern Avenue,Augusta,ME,4330,US,Northeast
Behavioral & Addiction Treatment,2000 South Blackhawk Street,Aurora,CO,80012,US,West
Behavioral & Addiction Treatment,6350 South Maple Ave,Tempe,AZ,85283,US,West
Behavioral & Addiction Treatment,6015 West Peoria Ave,Glendale,AZ,85302,US,West
Behavioral & Addiction Treatment,1161 East Covina Blvd,Covina,CA,91724,US,West
Behavioral & Addiction Treatment,11878 Ave of Industry,San Diego,CA,92128,US,West
Behavioral & Addiction Treatment,801 Seneca Street,Ventura,CA,93001,US,West
Skilled Nursing/Transitional Care,4650 Southwestern Blvd,Hamburg,NY,14075,US,Northeast
Skilled Nursing/Transitional Care,29800 Hoover Road,Warren,MI,48093,US,Midwest
Skilled Nursing/Transitional Care,808 South Robb Street,Trinity,TX,75862,US,South
Skilled Nursing/Transitional Care,835 Crater Lake Avenue,Medford,OR,97504,US,West
Skilled Nursing/Transitional Care,3625 East B Street,Tacoma,WA,98404,US,West
Senior Housing - Leased,5210 River Road North,Keizer,OR,97303,US,West
Skilled Nursing/Transitional Care,6530 SW 30th Avenue,Portland,OR,97239,US,West
Skilled Nursing/Transitional Care,625 Stevens Street,Medford,OR,97504,US,West
Skilled Nursing/Transitional Care,1000 S. 5th Ave,Sequim,WA,98382,US,West
Skilled Nursing/Transitional Care,220 East Hereford Street,Gladstone,OR,97027,US,West
Skilled Nursing/Transitional Care,2625 Koos Bay Blvd,Coos Bay,OR,97420,US,West
Skilled Nursing/Transitional Care,2360 Chamber Street,Eugene,OR,97405,US,West
Skilled Nursing/Transitional Care,530 Birch Street,Junction City,OR,97448,US,West
Skilled Nursing/Transitional Care,350 South 8th Street,Lebanon,OR,97355,US,West
Skilled Nursing/Transitional Care,835 SW 11th Avenue,Newport,OR,97365,US,West
Skilled Nursing/Transitional Care,1400 Division Street,Oregon City,OR,97045,US,West
Skilled Nursing/Transitional Care,801 SE Parkcrest,Vancouver,WA,98683,US,West
Skilled Nursing/Transitional Care,650 SE Oak Street,Hillsboro,OR,97123,US,West
Skilled Nursing/Transitional Care,16485 SW Pacific Hwy,Tigard,OR,97224,US,West
Skilled Nursing/Transitional Care,425 Alexander Loop,Eugene,OR,97401,US,West
Skilled Nursing/Transitional Care,1001 S. Hilton Street,Boise,ID,83705,US,West
Skilled Nursing/Transitional Care,2025 E. Egbert Street,Brighton,CO,80601,US,West
Skilled Nursing/Transitional Care,401 Malley Drive,Northglenn,CO,80233,US,West
Skilled Nursing/Transitional Care,"4515 Sunnyside Road, SE",Salem,OR,97302,US,West
Skilled Nursing/Transitional Care,630 S. Pearl Street,Tacoma,WA,98465,US,West
Skilled Nursing/Transitional Care,250 Flank Rd,Petersburg,VA,23805,US,South
Skilled Nursing/Transitional Care,516 Willow Street,Alameda,CA,94501,US,West
Specialty Hospitals and Other,707 Highlander Boulevard,Arlington,TX,76010,US,South
Skilled Nursing/Transitional Care,3921 N Main,Baytown,TX,77521,US,South
Skilled Nursing/Transitional Care,7781 Garfield Ave,Huntington Beach,CA,92648,US,West
Senior Housing - Leased,800 Grayson Lane,Beavercreek,OH,45430,US,Midwest
Skilled Nursing/Transitional Care,30 Colby Court,Bedford,NH,3110,US,Northeast
Skilled Nursing/Transitional Care,12777 Beechnut Street,Houston,TX,77072,US,South
Skilled Nursing/Transitional Care,1510 Hebron Street,Hendersonville,NC,28739,US,South
Skilled Nursing/Transitional Care,75 Brimbal Avenue,Beverly,MA,1915,US,Northeast
Skilled Nursing/Transitional Care,370 Portland Street,Yarmouth,ME,4096,US,Northeast
Skilled Nursing/Transitional Care,74 Parkway South,Brewer,ME,4412,US,Northeast
Skilled Nursing/Transitional Care,500 South Broad Stree,Middletown,DE,19709,US,South
Skilled Nursing/Transitional Care,2725 East Broadway,Long Beach,CA,90803,US,West
Skilled Nursing/Transitional Care,1050 Rambling Oaks Dr.,Norman,OK,73072,US,South
Skilled Nursing/Transitional Care,801 Gazzola Drive,East Patchogue,NY,11772,US,Northeast
Skilled Nursing/Transitional Care,1031 SW 130th St,Burien,WA,98146,US,West
Skilled Nursing/Transitional Care,2222 Springdale Road,Cincinnati,OH,45231,US,Midwest
Senior Housing - Managed,700 Black Lake Blvd SW,Olympia,WA,98502,US,West
Skilled Nursing/Transitional Care,1225 Walker Road,Dover,DE,19904,US,South
Skilled Nursing/Transitional Care,2000 W Baker Rd,Baytown,TX,77521,US,South
Senior Housing - Managed,80 Cedar St.,Branford,CT,6405,US,Northeast
Skilled Nursing/Transitional Care,1242 Cedars Court,Charlottesville,VA,22903,US,South
Skilled Nursing/Transitional Care,10610 Owensmouth,Chatsworth,CA,91311,US,West
Senior Housing - Managed,317 Winnipeg St.,Penticton,BC,V2A 8J9,CA,Other
Senior Housing - Managed,2910 North Eastman Rd.,Longview,TX,75605,US,South
Behavioral & Addiction Treatment,4145 Briargate Parkway,Colorado Springs,CO,80920,US,West
Skilled Nursing/Transitional Care,625 Cottonwood St,Woodland,CA,95695,US,West
Senior Housing - Managed,605 Laurelwood Dr.,Waterloo,ON,N2V 2W7,CA,Other
Skilled Nursing/Transitional Care,2040 S Euclid Ave,Anaheim,CA,92802,US,West
Senior Housing - Managed,3895 Old Vineyard Rd.,Winston-Salem,NC,27104,US,South
Skilled Nursing/Transitional Care,512 Winifred Road,Cumberland,MD,21502,US,South
Skilled Nursing/Transitional Care,1015 N Grand Avenue,Doniphan,MO,63935,US,Midwest
Skilled Nursing/Transitional Care,2006 S. 16th Street,Wilmington,NC,28401,US,South
Skilled Nursing/Transitional Care,642 N. 3rd Street,Danville,KY,40422,US,South
Skilled Nursing/Transitional Care,336 Diablo Rd,Danville,CA,94526,US,West
Senior Housing - Leased,320 S Lakewood Dr.,Brandon,FL,33511,US,South
Senior Housing - Managed,1545 S 14th Ave,Yuma,AZ,85364,US,West
Skilled Nursing/Transitional Care,403 East 10th,Dixon,MO,65459,US,Midwest
Skilled Nursing/Transitional Care,307 Plaza Drive,Dover,NH,3820,US,Northeast
Senior Housing - Managed,1203 Walker Road,Dover,DE,19904,US,South
Skilled Nursing/Transitional Care,516 Mount Hope Ave,Bangor,ME,4401,US,Northeast
Skilled Nursing/Transitional Care,2625 East 4th St,Long Beach,CA,90814,US,West
Skilled Nursing/Transitional Care,3300 4th Avenue,Conway,SC,29527,US,South
Skilled Nursing/Transitional Care,1255 Travis Blvd,Fairfield,CA,94533,US,West
Skilled Nursing/Transitional Care,950 S. Fairmont,Lodi,CA,95240,US,West
Senior Housing - Managed,1218 Michigan Ave.,Sarnia,ON,N7S 6L1,CA,Other
Senior Housing - Managed,2730 Bailey Lane,Eugene,OR,97401,US,West
Senior Housing - Managed,910-960 Boone Road SE,Salem,OR,97306,US,West
Senior Housing - Managed,17950 SW 115th Avenue,Tualatin,OR,97062,US,West
Skilled Nursing/Transitional Care,2407 W Main Street Hwy 82,Clarksville,TX,75426,US,South
Skilled Nursing/Transitional Care,477 Coy Blvd,Forsyth,MO,65653,US,Midwest
Skilled Nursing/Transitional Care,200 Glenway Road,Winchester,KY,40391,US,South
Skilled Nursing/Transitional Care,2365 Union Rd,Cheektowaga,NY,14227,US,Northeast
Skilled Nursing/Transitional Care,8575 N. Granby Ave,Kansas City,MO,64154,US,Midwest
Skilled Nursing/Transitional Care,14475 Garden View Lane,Baldwin Park,CA,91706,US,West
Senior Housing - Managed,8550 N Granby Ave.,Kansas City,MO,64154,US,Midwest
Senior Housing - Managed,12800 Spruce Tree Way,Raleigh,NC,27614,US,South
Specialty Hospitals and Other,5940 Merchants Street,Florence,KY,41042,US,South
Skilled Nursing/Transitional Care,225 N. 56th Street,Lincoln,NE,68504,US,Midwest
Skilled Nursing/Transitional Care,851 W Thoroughfare,Seymour,MO,65746,US,Midwest
Senior Housing - Leased,29 Baldwin St,Franklin,NH,3235,US,Northeast
Skilled Nursing/Transitional Care,309 West Pike Avenue,Petersburg,IN,47567,US,Midwest
Skilled Nursing/Transitional Care,1042 Oak Drive,Richmond,IN,47374,US,Midwest
Skilled Nursing/Transitional Care,12000 Mount Vernon Ave,Grand Terrace,CA,92313,US,West
Senior Housing - Leased,235 Pearl Street,Cadillac,MI,49601,US,Midwest
Skilled Nursing/Transitional Care,501 Timpson Street,Center,TX,75935,US,South
Senior Housing - Leased,1601 Winter Creek Court,Greenville,MI,48838,US,Midwest
Skilled Nursing/Transitional Care,1302 Nottingham Street,Huntsville,TX,77340,US,South
Senior Housing - Leased,1835 12th Street,Manistee,MI,49660,US,Midwest
Senior Housing - Leased,1025 Eash Ash Street,Mason,MI,48854,US,Midwest
Senior Housing - Managed,14 Maynard Lane,Strasburg,VA,22657,US,South
Senior Housing - Managed,935 Ox Road,Woodstock,VA,22664,US,South
Skilled Nursing/Transitional Care,160 S Winstead Avenue,Rocky Mount,NC,27804,US,South
Skilled Nursing/Transitional Care,509 W. Gannon Avenue,Zebulon,NC,27597,US,South
Skilled Nursing/Transitional Care,1008 Enterprise Blvd,Rockport,TX,78382,US,South
Senior Housing - Leased,1008 Enterprise Blvd,Rockport,TX,78382,US,South
Skilled Nursing/Transitional Care,750 Dual Highway,Hagerstown,MD,21740,US,South
Skilled Nursing/Transitional Care,2699 Wehrle Drive,Williamsville,NY,14221,US,Northeast
Senior Housing - Managed,4481 Harrison Blvd,Ogden,UT,84403,US,West
Skilled Nursing/Transitional Care,853 Lexington Road,Harrodsburg,KY,40330,US,South
Specialty Hospitals and Other,2929 Woodlandpark Drive,Houston,TX,77082,US,South
Specialty Hospitals and Other,393 South Tustin,Orange,CA,92866,US,West
Skilled Nursing/Transitional Care,1950 Baring Blvd,Sparks,NV,89434,US,West
Skilled Nursing/Transitional Care,5915 Elysian Fields Rd,Marshall,TX,75672,US,South
Senior Housing - Managed,2 Tryon Ave.,Glenville,NY,12302,US,Northeast
Skilled Nursing/Transitional Care,725 Second Ave. South,Hopkins,MN,55343,US,Midwest
Skilled Nursing/Transitional Care,93 Isaacks Rd,Humble,TX,77338,US,South
Senior Housing - Managed,255 Mater Road,Frankenmuth,MI,48734,US,Midwest
Skilled Nursing/Transitional Care,805 Front St South,Issaquah,WA,98027,US,West
Senior Housing - Managed,699 South Park Road,Charleston,WV,25304,US,South
Skilled Nursing/Transitional Care,158 Ross Road,Kennebunk,ME,4043,US,Northeast
Senior Housing - Managed,1953 Cabana Rd,Windsor,ON,N9G 2X6,CA,Other
Senior Housing - Leased,1700 East Stone Street,Brenham,TX,77833,US,South
Skilled Nursing/Transitional Care,5640 Aztec Drive,La Mesa,CA,91941,US,West
Skilled Nursing/Transitional Care,16955 Vanowen St,Van Nuys,CA,91406,US,West
Senior Housing - Managed,353 W Ardice Ave.,Eustis,FL,32726,US,South
Senior Housing - Leased,60 Middle Road,Dover,NH,3820,US,Northeast
Senior Housing - Leased,17 Hampton Road,Exeter,NH,3833,US,Northeast
Senior Housing - Leased,136A Arch St.,Keene,NH,3431,US,Northeast
Senior Housing - Leased,319 East Dunstable Road,Nashua,NH,3062,US,Northeast
Senior Housing - Managed,1299 Briarwood Dr.,San Luis Obispo,CA,93401,US,West
Skilled Nursing/Transitional Care,2832 S. Maryland Parkway,Las Vegas,NV,89109,US,West
Senior Housing - Managed,N26W26511 College Avenue,Pewaukee,WI,53072,US,Midwest
Senior Housing - Managed,1251 Rural Ave,Williamsport,PA,17701,US,Northeast
Skilled Nursing/Transitional Care,1410 E. Gaston Street,Lincolnton,NC,28092,US,South
Skilled Nursing/Transitional Care,1201 W Houston Street,Linden,TX,75563,US,South
Skilled Nursing/Transitional Care,1955 West Lomita Blvd,Lomita,CA,90717,US,West
Senior Housing - Managed,7211 N 7th St.,Phoenix,AZ,85020,US,West
Senior Housing - Managed,105 Dries Road,Reading,PA,19605,US,Northeast
Senior Housing - Managed,750 49th Avenue SW,Calgary,AB,T2S 2A9,CA,Other
Senior Housing - Managed,1204 W McMillan Street,Marshfield,WI,54449,US,Midwest
Senior Housing - Managed,1606 N St. Joseph Ave,Marshfield,WI,54449,US,Midwest
Skilled Nursing/Transitional Care,524 N Laura Street,Maryville,MO,64468,US,Midwest
Senior Housing - Managed,350 North Center Rd,London,ON,N6G 5G3,CA,Other
Skilled Nursing/Transitional Care,253 Enterprise Drive,McKinney,TX,75069,US,South
Senior Housing - Managed,500 S Dupont Blvd,Milford,DE,19963,US,South
Skilled Nursing/Transitional Care,1850 West Pleasant Run Rd,Lancaster,TX,75146,US,South
Skilled Nursing/Transitional Care,1251 White Mountain Hwy,North Conway,NH,3860,US,Northeast
Senior Housing - Managed,1550 E University Dr .,Auburn,AL,36830,US,South
Senior Housing - Leased,500 Rodeo Road,Santa Fe,NM,87505,US,West
Senior Housing - Leased,500 Rodeo Road,Santa Fe,NM,87505,US,West
Skilled Nursing/Transitional Care,1606 Memorial,Mount Pleasant,TX,75455,US,South
Skilled Nursing/Transitional Care,921 Bowman Road,Mount Pleasant,SC,29464,US,South
Senior Housing - Leased,"279 North Lecanto Hwy,",Lecanto,FL,34461,US,South
Skilled Nursing/Transitional Care,5017 East Chapman Avenue,Orange,CA,92869,US,West
Specialty Hospitals and Other,9182 Six Pines Drive,Spring,TX,77380,US,South
Skilled Nursing/Transitional Care,7264 Nash Rd,North Tonawanda,NY,14120,US,Northeast
Skilled Nursing/Transitional Care,29 Marion Avenue,Norway,ME,4268,US,Northeast
Skilled Nursing/Transitional Care,3210 N Clarkson,Fremont,NE,68025,US,Midwest
Skilled Nursing/Transitional Care,2700 North Laverna Street,Fremont,NE,68025,US,Midwest
Senior Housing - Leased,655 W 23rd Street,Fremont,NE,68025,US,Midwest
Senior Housing - Managed,438 23rd St,Oak Hill,WV,25901,US,South
Skilled Nursing/Transitional Care,10456 U.S. Highway 62,Calvert City,KY,42029,US,South
Senior Housing - Managed,2100 Benvoulin Court,Kelowna,BC,V1W 3Z3,CA,Other
Senior Housing - Managed,2829 34th Street,Vernon,BC,V1T 9G4,CA,Other
Skilled Nursing/Transitional Care,385 Esplanade,Pacifica,CA,94044,US,West
Skilled Nursing/Transitional Care,11162 Palm Terrace Lane,Riverside,CA,92505,US,West
Skilled Nursing/Transitional Care,3434 Waters Rd.,Pasadena,TX,77504,US,South
Skilled Nursing/Transitional Care,6312 N Portland Ave,Oklahoma City,OK,73112,US,South
Skilled Nursing/Transitional Care,"14058 Bee Cave Pkwy, Bldg B",Bee Cave,TX,78738,US,South
Skilled Nursing/Transitional Care,207 E Parkerville Rd,DeSoto,TX,75115,US,South
Skilled Nursing/Transitional Care,1600 Grand Lake Drive,Conroe,TX,77304,US,South
Skilled Nursing/Transitional Care,11001 Crescent Moon Drive,Houston,TX,77064,US,South
Skilled Nursing/Transitional Care,420 Lantern Bend Drive,Houston,TX,77090,US,South
Skilled Nursing/Transitional Care,19424 McKay Drive,Humble,TX,77338,US,South
Skilled Nursing/Transitional Care,2350 FM 1092 Road,Missouri City,TX,77459,US,South
Skilled Nursing/Transitional Care,11910 Richmond Avenue,Houston,TX,77082,US,South
Senior Housing - Leased,4411 Park Place Drive,Fort Wayne,IN,46845,US,Midwest
Skilled Nursing/Transitional Care,1250 NE 145th St,Shoreline,WA,98155,US,West
Skilled Nursing/Transitional Care,1703 California Ave SW,Seattle,WA,98116,US,West
Senior Housing - Managed,1451 S Greenville Ave.,Allen,TX,75002,US,South
Skilled Nursing/Transitional Care,1157 Enfield Street,Enfield,CT,6082,US,Northeast
Skilled Nursing/Transitional Care,200 North Park Street,Portland,IN,47371,US,Midwest
Skilled Nursing/Transitional Care,287 South Blvd,Petersburg,VA,23805,US,South
Skilled Nursing/Transitional Care,1515 W. Pettigrew Street,Durham,NC,27705,US,South
Skilled Nursing/Transitional Care,3540 Three Little Baker Blvd,Wilmington,DE,19806,US,South
Skilled Nursing/Transitional Care,177 North 100 E,Winchester,IN,47394,US,Midwest
Skilled Nursing/Transitional Care,1525 Pleasant Valley Rd,Garland,TX,75040,US,South
Senior Housing - Managed,1505 Medical Pkwy,Cedar Park,TX,78613,US,South
Senior Housing - Managed,3020 Gordon W. Shelton Blvd,Fredericksburg,VA,22401,US,South
Senior Housing - Managed,1750 W. Horizon Ridge Pkwy,Henderson,NV,89012,US,West
Senior Housing - Managed,4050 Sunrise Rd.,Round Rock,TX,78665,US,South
Senior Housing - Managed,5851 North Honore Avenue,Sarasota,FL,34243,US,South
Senior Housing - Managed,500 East McNair Rd,Winnebago,IL,61088,US,Midwest
Skilled Nursing/Transitional Care,2717 Dexter Avenue North,Seattle,WA,98109,US,West
Skilled Nursing/Transitional Care,616 Wade Avenue,Raleigh,NC,27605,US,South
Skilled Nursing/Transitional Care,11900 Ramona Blvd,El Monte,CA,91732,US,West
Senior Housing - Managed,14401 Nowthen Blvd. N.W.,Ramsey,MN,55303,US,Midwest
Skilled Nursing/Transitional Care,1212 Sunset Drive East,Monroe,NC,28112,US,South
Skilled Nursing/Transitional Care,26002 John J Williams Hwy,Millsboro,DE,19966,US,South
Skilled Nursing/Transitional Care,1413 W Main,Waxahachie,TX,75165,US,South
Specialty Hospitals and Other,618 West Hutchison Street,San Marcos,TX,78666,US,South
Specialty Hospitals and Other,5301 Tangram Nursery Road,Maxwell,TX,78656,US,South
Specialty Hospitals and Other,3015 Old Lehman Road,Kingsbury,TX,78155,US,South
Specialty Hospitals and Other,301 Tangram Ranch,Seguin,TX,78155,US,South
Specialty Hospitals and Other,201 Tangram Mesquite Road,Seguin,TX,78155,US,South
Specialty Hospitals and Other,500 Tangram Ranch Road,Seguin,TX,78155,US,South
Specialty Hospitals and Other,2385 FM 1984,Maxwell,TX,78656,US,South
Specialty Hospitals and Other,5309 Tangram Nursery Road,Maxwell,TX,78656,US,South
Skilled Nursing/Transitional Care,19235 15th Ave. NW,Shoreline,WA,98177,US,West
Skilled Nursing/Transitional Care,157 Ross Carter Blvd,Duffield,VA,24244,US,South
Behavioral & Addiction Treatment,12 Hospital Drive,Morrilton,AR,72110,US,South
Skilled Nursing/Transitional Care,1675 Main Street,Lancaster,MA,1523,US,Northeast
Skilled Nursing/Transitional Care,190 Hwy 136 E,Calhoun,KY,42327,US,South
Skilled Nursing/Transitional Care,501 8th Avenue S.E.,Rochester,MN,55904,US,Midwest
Senior Housing - Managed,5 Rolling Meadows Drive,Scott Depot,WV,25560,US,South
Skilled Nursing/Transitional Care,11800 Abercorn Street,Savannah,GA,31419,US,South
Senior Housing - Managed,331 Holt Ln,Lewisburg,WV,24901,US,South
Skilled Nursing/Transitional Care,2987 Seneca Street,West Seneca,NY,14224,US,Northeast
Skilled Nursing/Transitional Care,8702 S. Course Dr,Houston,TX,77099,US,South
Senior Housing - Leased,3220 North Loop 1604 West,Shavano Park,TX,78231,US,South
Skilled Nursing/Transitional Care,708 Bartley Avenue,Bardstown,KY,40004,US,South
Skilled Nursing/Transitional Care,331 South Main Street,Lawrenceburg,KY,40342,US,South
Skilled Nursing/Transitional Care,3740 Old Hartford Road,Owensboro,KY,42303,US,South
Skilled Nursing/Transitional Care,96 Highway 3444,Annville,KY,40402,US,South
Skilled Nursing/Transitional Care,1801 Lynn Way,Louisville,KY,40222,US,South
Skilled Nursing/Transitional Care,1705 Herr Lane,Louisville,KY,40222,US,South
Skilled Nursing/Transitional Care,599 Rogersville Road,Radcliff,KY,40160,US,South
Skilled Nursing/Transitional Care,1001 N. Grant Street,Lebanon,IN,46052,US,Midwest
Skilled Nursing/Transitional Care,4700 Quinn Drive,Louisville,KY,40216,US,South
Skilled Nursing/Transitional Care,1877 Farnsley Road,Louisville,KY,40216,US,South
Skilled Nursing/Transitional Care,400 Bomar Heights,Columbia,KY,42728,US,South
Skilled Nursing/Transitional Care,1121 Tanbark Road,Lexington,KY,40515,US,South
Skilled Nursing/Transitional Care,26 Tower Road,Marietta,GA,30060,US,South
Behavioral & Addiction Treatment,1529 W Lancaster St,Bluffton,IN,46714,US,Midwest
Skilled Nursing/Transitional Care,550 High Street,Bowling Green,KY,42101,US,South
Skilled Nursing/Transitional Care,316 Woodies Lane,Bremen,IN,46506,US,Midwest
Skilled Nursing/Transitional Care,1206 Eleventh Street,Carrollton,KY,41008,US,South
Skilled Nursing/Transitional Care,1602 E. Franklin Street,Chapel Hill,NC,27514,US,South
Skilled Nursing/Transitional Care,220 Westwood Street,Glasgow,KY,42141,US,South
Skilled Nursing/Transitional Care,1005 Hampton Boulevard,Norfolk,VA,23507,US,South
Skilled Nursing/Transitional Care,1505 South Dixie Street,Horse Cave,KY,42749,US,South
Skilled Nursing/Transitional Care,114 McMurtry Avenue,Hartford,KY,42347,US,South
Skilled Nursing/Transitional Care,907 Cunningham Rd,Kinston,NC,28501,US,South
Skilled Nursing/Transitional Care,Kentucky 92 & Old US 27,Pine Knot,KY,42635,US,South
Skilled Nursing/Transitional Care,706 North Magnolia Street,Tompkinsville,KY,42167,US,South
Skilled Nursing/Transitional Care,4301 North Walnut Street,Muncie,IN,47303,US,Midwest
Skilled Nursing/Transitional Care,6025 Primacy Parkway,Memphis,TN,38119,US,South
Skilled Nursing/Transitional Care,278 Dry Valley Rd,Cookeville,TN,38506,US,South
Skilled Nursing/Transitional Care,305 14th Street,Roanoke Rapids,NC,27870,US,South
Skilled Nursing/Transitional Care,815 E. 63rd Street,Savannah,GA,31405,US,South
Skilled Nursing/Transitional Care,3500 Maple Avenue,Terre Haute,IN,47804,US,Midwest
Skilled Nursing/Transitional Care,817 West Center Street,Sherman,TX,75092,US,South
Skilled Nursing/Transitional Care,3350 Silas Creek Parkway,Winston-Salem,NC,27103,US,South
Skilled Nursing/Transitional Care,111 Duncan Mansion Road,Silex,MO,63377,US,Midwest
Skilled Nursing/Transitional Care,6700 Columbia Pike,Annandale,VA,22003,US,South
Skilled Nursing/Transitional Care,1007 Johnstown Road,Salina,KS,67401,US,Midwest
Skilled Nursing/Transitional Care,4700 Brandon Woods,Columbia,MO,65203,US,Midwest
Senior Housing - Managed,2305 Bernard St.,Jonesboro,AR,72401,US,South
Skilled Nursing/Transitional Care,505 W Evergreen,Strafford,MO,65757,US,Midwest
Skilled Nursing/Transitional Care,2485 South Major Drive,Beaumont,TX,77707,US,South
Senior Housing - Leased,12820 West Beardsley Road,Sun City West,AZ,85375,US,West
Skilled Nursing/Transitional Care,25 Sunnybrook Road,Raleigh,NC,27610,US,South
Skilled Nursing/Transitional Care,5015 SW 28th Street,Topeka,KS,66614,US,Midwest
Senior Housing - Managed,910 N Tawas Lake Road E,Tawas,MI,48730,US,Midwest
Senior Housing - Managed,2431 NW 41st St,Gainesville,FL,32606,US,South
Senior Housing - Managed,5701 Virginia Pkwy.,McKinney,TX,75071,US,South
Skilled Nursing/Transitional Care,78 Viets Street,New London,CT,6320,US,Northeast
Skilled Nursing/Transitional Care,71 Elm Street,Milford,NH,3055,US,Northeast
Senior Housing - Leased,500 South 18th Street,Norfolk,NE,68701,US,Midwest
Skilled Nursing/Transitional Care,4201 FM 105,Orange,TX,77630,US,South
Senior Housing - Leased,660 Old Laramie Trail,Lafayette,CO,80026,US,West
Skilled Nursing/Transitional Care,4550 SW Carman Drive,Lake Oswego,OR,97035,US,West
Senior Housing - Leased,4371 Life Spring Lane,Knoxville,TN,37918,US,South
Skilled Nursing/Transitional Care,17231 Mill Forest,Webster,TX,77598,US,South
Skilled Nursing/Transitional Care,400 Bolton Street,Marlborough,MA,1752,US,Northeast
Senior Housing - Managed,870 Westminister Ave.,Kamloops,BC,V2B 1P7,CA,Other
Skilled Nursing/Transitional Care,1701 South Torrey Pines Drive,Las Vegas,NV,89146,US,West
Specialty Hospitals and Other,9297 Wahrenberger Road,Conroe,TX,77304,US,South
Skilled Nursing/Transitional Care,600 Shawanee Road,Harrogate,TN,37752,US,South
Specialty Hospitals and Other,231 South Collins,Sunnyvale,TX,75182,US,South
Senior Housing - Leased,300 Oxbow Drive,Alpena,MI,40707,US,Midwest
Skilled Nursing/Transitional Care,18792 East 17th Street,Santa Ana,CA,92705,US,West
Skilled Nursing/Transitional Care,627 E North H Street,Gas City,IN,46933,US,Midwest
Skilled Nursing/Transitional Care,2120 Stockton Blvd,Sacramento,CA,95817,US,West
Skilled Nursing/Transitional Care,623 State Hwy 155 N,Gilmer,TX,75644,US,South
Skilled Nursing/Transitional Care,1705 South Main,Clinton,IN,47842,US,Midwest
Senior Housing - Managed,W129 N6889 Northfield Dr.,Menomonee Falls,WI,53051,US,Midwest
Senior Housing - Managed,300 Twinridge Ln .,Richmond,VA,23235,US,South
Skilled Nursing/Transitional Care,2644 Bristol Road,Warrington,PA,18976,US,Northeast
Senior Housing - Leased,37411 Eiland blvd,Zephrhill,FL,33542,US,South
Skilled Nursing/Transitional Care,750 Union Street,Bangor,ME,4401,US,Northeast
Skilled Nursing/Transitional Care,1234 Washington Blvd,Westminster,MD,21157,US,South
Skilled Nursing/Transitional Care,125 West Margaret Drive,Terre Haute,IN,47802,US,Midwest
Skilled Nursing/Transitional Care,3550 Central Avenue,Columbus,IN,47203,US,Midwest
Senior Housing - Managed,150 Edella Road,Clarks Summit,PA,18411,US,Northeast
Senior Housing - Managed,3800 Sam Boney Dr.,Nashville,TN,37211,US,South
Skilled Nursing/Transitional Care,809 W Benton,Windsor,MO,65360,US,Midwest
Skilled Nursing/Transitional Care,80 Andover Street,Andover,MA,1810,US,Northeast
Skilled Nursing/Transitional Care,10 Hastings Drive,Beacon,NY,12508,US,Northeast
Skilled Nursing/Transitional Care,500 Wentworth Avenue,Lowell,MA,1852,US,Northeast
Skilled Nursing/Transitional Care,3 Summit Court,Fishkill,NY,12524,US,Northeast
Skilled Nursing/Transitional Care,32 Chestnut Street,East Longmeadow,MA,1028,US,Northeast
Skilled Nursing/Transitional Care,1364 Main Street,Reading,MA,1867,US,Northeast
Skilled Nursing/Transitional Care,215 Bicentennial Highway,Springfield,MA,1118,US,Northeast
Skilled Nursing/Transitional Care,136 Boston Post Road,Sudbury,MA,1776,US,Northeast
Skilled Nursing/Transitional Care,One Wingate Way,Highland,NY,12528,US,Northeast
Skilled Nursing/Transitional Care,42 Prospect Avenue,W. Springfield,MA,1089,US,Northeast
Skilled Nursing/Transitional Care,59 Acton Street,Worcester,MA,1604,US,Northeast
Skilled Nursing/Transitional Care,51 Winship Street,Bath,ME,4530,US,Northeast
Skilled Nursing/Transitional Care,39 Clipper Dr.,Wolfeboro,NH,3894,US,Northeast
Skilled Nursing/Transitional Care,678 Third St,Woodland,CA,95695,US,West
Skilled Nursing/Transitional Care,2675 36th Street,Parkersburg,WV,26104,US,South
Senior Housing - Managed,240 Barker Rd,Wyncote,PA,19095,US,Northeast
Behavioral & Addiction Treatment,13590 N. Meridian St.,Carmel,IN,46032,US,Midwest
Behavioral & Addiction Treatment,4112 Fern Valley Rd,Louisville,KY,40219,US,South
Senior Housing - Managed,12695 Monte Vista Road,Poway,CA,92064,US,West
Behavioral & Addiction Treatment,2380 McGinley Rd,Monroeville,PA,15146,US,Northeast
Senior Housing - Managed,1493 Richardson Dr,Richardson,TX,75080,US,South
Senior Housing - Leased,6311 W County Rd 900 N North,McCordsville,IN,46055,US,Midwest
Senior Housing - Leased,10210 Long Home Road,Louisville,KY,40291,US,South
Senior Housing - Managed,2140 Independence Drive,New Braunfels,TX,78132,US,South
Behavioral & Addiction Treatment,89 Viets Street,New London,CT,6320,US,Northeast
Senior Housing - Leased,300 Hunter Station Road,Sellersburg,IN,47172,US,Midwest
Senior Housing - Managed,557 Furys Ferry Rd,Augusta,GA,30907,US,South
Behavioral & Addiction Treatment,3428 Gulf Breeze Pkwy,Gulf Breeze,FL,32568,US,South
Senior Housing - Managed,4280 Baxter Rd,Anchorage,AK,99504,US,West
Skilled Nursing/Transitional Care,1850 Veterans Way,Elizabethtown,KY,42701,US,South
Senior Housing - Leased,1850 State Hwy 56,Jasper,IN,47546,US,Midwest
Behavioral & Addiction Treatment,47 Fisherman Lane,Greenville,SC,26615,US,South
Senior Housing - Managed,3455 Nantucket Circle,Loveland,OH,45140,US,Midwest
Senior Housing - Managed,1703 West 86th Street,Indianapolis,IN,46260,US,Midwest
Senior Housing - Managed,3785 North Center Road,Saginaw,MI,48603,US,Midwest
Behavioral & Addiction Treatment,11901 Jessica Lane,Raytown,MO,64138,US,Midwest
Senior Housing - Leased,1060 Rambling Oaks Dr.,Norman,OK,73072,US,South
Senior Housing - Managed,7650 Camargo Road,Madeira,OH,45243,US,Midwest
Skilled Nursing/Transitional Care,1555 S Main St,Crown Point,IN,46307,US,Midwest
Skilled Nursing/Transitional Care,1532 Calumet Ave,Dyer,IN,46311,US,Midwest
Senior Housing - Leased,8520 Gunpowder Rd,Florence,KY,41042,US,South
Senior Housing - Managed,4300 W Goeller Blvd.,Columbus,IN,47201,US,Midwest
Senior Housing - Managed,4916 North Bend Road,Cincinnati,OH,45211,US,Midwest
Senior Housing - Managed,11011 Village Square Lane,Fishers,IN,46038,US,Midwest
Senior Housing - Managed,200-300 Whispering Pines Blvd,Hattiesburg,MS,39401,US,South
